"SAMPLE_ID","STUDY_ID","SAMPLE_TITLE","SAMPLE_CLASSIFICATION","GEO_LOC_NAME","LAT_LON","COLLECTION_DATE","MetadataReceived","SequenceDataReceived","SequenceDataArchived","AnalysisCompleted","BIOME","FEATURE","MATERIAL","ALT","DEPTH","ELEVATION","HOST_TAXID","HOST_SUBJECT_ID","SAMP_STORE_TEMP","SAMPLE_STORE_LOCATION","SAMPLE_STORE_DURATION","SEQUENCING_METHOD","RELEVANT_ELECTRONIC_RESOURCES","COLLECTION_DEVICE_METHOD","AMOUNT_OR_SIZE","SAMPLE_MATERIAL_PROCESSING","NUCLEIC_ACID_EXTRACTION","NUCLEIC_ACID_AMPLIFICATION","TOTAL_DEPTH_OF_WATER","TEMPERATURE","SILICATE","SALINITY","PHOSPHATE","PH","OXYGENATION_STATUS_OF_SAMPLE","ORGANIC_NITROGEN","ORGANIC_CARBON","NITRATE","CHLOROPHYLL","AMMONIUM","HOST_SEX","HEIGHT","DIET","LAST_MEAL","FAMILY_RELATIONSHIP","GENOTYPE","PHENOTYPE","HOST_BODY_TEMPERATURE","BODY_MASS_INDEX","IHMC_ETHNICITY","OCCUPATION","MEDICAL_HISTORY_PERFORMED","PULSE","PERTURBATION","SAMPLE_SALINITY","MISC_PARAM_1","SAMPLE_DESCRIPTION","IS_PUBLIC"
"SRS009922","SRP001743","Puerto_Rico_Rainforest_soil_metagenome","Environmental > Terrestrial > Soil > Unclassified > Tropical rainforest","Puerto Rico; Luquillo Experimental Forest, Bisley watershed","18.30N, 65.83W","Summer","01/01/2001","01/01/2001","01/01/2001",,"Tropical and subtropical moist broadleaf forest biome","forest soil","soil",250,"0 - 0.1",,,"na","ambient for transport then -80",,,"454 GS FLX",,"2.5 cm diameter soil corer","10cm of core",,"modified CTAB method, described in Brodie etal 2006, Appl Environ Microbiol 72:6288-6298",,,"22-24",,,,5.5,,,,,,,,,,,,,,,,,,,,,,,"Soil metagenome extracted from rainforest soil. The tropical forest soil sample used for metagenome sequencing was collected in a subtropical lower montane wet forest in the Luquillo Experimental Forest (18.30N, 65.83W), which is part of the NSF-sponsored Long-Term Ecological Research program in Puerto Rico. The climate in this region is relatively aseasonal, with mean annual rainfall of 4500 mm and mean annual temperatures of 22C to 24C. Soils were collected from the Bisley watershed approximately 250 meters above sea level from the 0-10 cm depth using a 2.5 cm diameter soil corer. Sampling date: Summer 2008","TRUE"
"SRS009545","ERP000118","PML_0029_2008_01_28","Environmental > Aquatic > Marine > Oceanic > Uncharacterized","United Kingdom; Plymouth","50.2518N   4.2089W","2008-01-28","01/01/2001","01/01/2001","01/01/2001",,"marine biome ","marine habitat","sea water",0,0,,,"na",,,,"454 GS FLX","http://icomm.mbl.edu; http://vamps.mbl.edu","large bore peristaltic filtration pump","2 Litres","prefiltration through a 1.6 um 144 mm glass fibre filter; filtrate then passed through a 0.22 um Sterivex cartirdge","Refer to Gilbert et al 2008 - doi:10.1371/journal.pone.0003042","Refer to Gilbert et al 2009 doi:10.1111/j.1462-2920.2009.02017.x",49,10.1,6.01,33.3,0.53,,"Aerobic",1.331,33.185,10.9,0.81,0,,,,,,,,,,,,,,,,,"Marine DNA/RNA sample from Western English Channel site L4","TRUE"
"SRS009546","ERP000118","PML_0030_2008_01_28","Environmental > Aquatic > Marine > Oceanic > Uncharacterized","United Kingdom; Plymouth","50.2611N   4.2435W","2008-01-28","01/01/2001","01/01/2001","01/01/2001",,"marine biome ","marine habitat","sea water",0,0,,,"na",,,,"454 GS FLX","http://icomm.mbl.edu; http://vamps.mbl.edu","large bore peristaltic filtration pump","2 Litres","prefiltration through a 1.6 um 144 mm glass fibre filter; filtrate then passed through a 0.22 um Sterivex cartirdge","Refer to Gilbert et al 2008 - doi:10.1371/journal.pone.0003042","Refer to Gilbert et al 2009 doi:10.1111/j.1462-2920.2009.02017.x",49,10.05,5.75,34.2,0.52,,"Aerobic",3.453,38.168,10.02,0.85,0,,,,,,,,,,,,,,,,,"Marine DNA/RNA sample from Western English Channel site L4","TRUE"
"SRS009547","ERP000118","PML_0031_2008_08_26","Environmental > Aquatic > Marine > Oceanic > Uncharacterized","United Kingdom; Plymouth","50.2518N   4.2089W","2008-08-26","01/01/2001","01/01/2001","01/01/2001",,"marine biome ","marine habitat","sea water",0,0,,,"na",,,,"454 GS FLX","http://icomm.mbl.edu; http://vamps.mbl.edu","large bore peristaltic filtration pump","2 Litres","prefiltration through a 1.6 um 144 mm glass fibre filter; filtrate then passed through a 0.22 um Sterivex cartirdge","Refer to Gilbert et al 2008 - doi:10.1371/journal.pone.0003042","Refer to Gilbert et al 2009 doi:10.1111/j.1462-2920.2009.02017.x",49,15.9,0.12,32.1,0.03,,"Aerobic",2.837,26.761,0.08,9.24,0.06,,,,,,,,,,,,,,,,,"Marine DNA/RNA sample from Western English Channel site L4","TRUE"
"SRS009548","ERP000118","PML_0032_2008_08_26","Environmental > Aquatic > Marine > Oceanic > Uncharacterized","United Kingdom; Plymouth","50.2545N   4.1990W","2008-08-26","01/01/2001","01/01/2001","01/01/2001",,"marine biome ","marine habitat","sea water",0,0,,,"na",,,,"454 GS FLX","http://icomm.mbl.edu; http://vamps.mbl.edu","large bore peristaltic filtration pump","2 Litres","prefiltration through a 1.6 um 144 mm glass fibre filter; filtrate then passed through a 0.22 um Sterivex cartirdge","Refer to Gilbert et al 2008 - doi:10.1371/journal.pone.0003042","Refer to Gilbert et al 2009 doi:10.1111/j.1462-2920.2009.02017.x",49,15.8,0.22,33,0.06,,"Aerobic",2.329,26.482,0.1,8.17,0.1,,,,,,,,,,,,,,,,,"Marine DNA/RNA sample from Western English Channel site L4","TRUE"
"SRS009549","ERP000118","PML_0033_2008_08_27","Environmental > Aquatic > Marine > Oceanic > Uncharacterized","United Kingdom; Plymouth","50.2678N   4.1990W","2008-08-27","01/01/2001","01/01/2001","01/01/2001",,"marine biome ","marine habitat","sea water",0,0,,,"na",,,,"454 GS FLX","http://icomm.mbl.edu; http://vamps.mbl.edu","large bore peristaltic filtration pump","2 Litres","prefiltration through a 1.6 um 144 mm glass fibre filter; filtrate then passed through a 0.22 um Sterivex cartirdge","Refer to Gilbert et al 2008 - doi:10.1371/journal.pone.0003042","Refer to Gilbert et al 2009 doi:10.1111/j.1462-2920.2009.02017.x",49,15.7,0.33,33.3,0.08,,"Aerobic",3.018,22.015,0.9,9.8,0.14,,,,,,,,,,,,,,,,,"Marine DNA/RNA sample from Western English Channel site L4","TRUE"
"SRS009550","ERP000118","PML_0034_2008_08_27","Environmental > Aquatic > Marine > Oceanic > Uncharacterized","United Kingdom; Plymouth","50.2665N   4.1486W","2008-08-27","01/01/2001","01/01/2001","01/01/2001",,"marine biome ","marine habitat","sea water",0,0,,,"na",,,,"454 GS FLX","http://icomm.mbl.edu; http://vamps.mbl.edu","large bore peristaltic filtration pump","2 Litres","prefiltration through a 1.6 um 144 mm glass fibre filter; filtrate then passed through a 0.22 um Sterivex cartirdge","Refer to Gilbert et al 2008 - doi:10.1371/journal.pone.0003042","Refer to Gilbert et al 2009 doi:10.1111/j.1462-2920.2009.02017.x",49,15.8,0.15,33.2,0.1,,"Aerobic",4.145,23.671,0.09,11.91,0.05,,,,,,,,,,,,,,,,,"Marine DNA/RNA sample from Western English Channel site L4","TRUE"
"SRS009551","ERP000118","PML_0035_2008_04_22","Environmental > Aquatic > Marine > Oceanic > Uncharacterized","United Kingdom; Plymouth","50.2518N   4.2089W","2008-04-22","01/01/2001","01/01/2001","01/01/2001",,"marine biome ","marine habitat","sea water",0,0,,,"na",,,,"454 GS FLX","http://icomm.mbl.edu; http://vamps.mbl.edu","large bore peristaltic filtration pump","2 Litres","prefiltration through a 1.6 um 144 mm glass fibre filter; filtrate then passed through a 0.22 um Sterivex cartirdge","Refer to Gilbert et al 2008 - doi:10.1371/journal.pone.0003042","Refer to Gilbert et al 2009 doi:10.1111/j.1462-2920.2009.02017.x",49,9.7,2.6,35.12,0.4,,"Aerobic",2.897,27.247,4.02,2.2,0.54,,,,,,,,,,,,,,,,,"Marine DNA/RNA sample from Western English Channel site L4","TRUE"
"SRS009552","ERP000118","PML_0036_2008_04_22","Environmental > Aquatic > Marine > Oceanic > Uncharacterized","United Kingdom; Plymouth","50.2530N   4.1875W","2008-04-22","01/01/2001","01/01/2001","01/01/2001",,"marine biome ","marine habitat","sea water",0,0,,,"na",,,,"454 GS FLX","http://icomm.mbl.edu; http://vamps.mbl.edu","large bore peristaltic filtration pump","2 Litres","prefiltration through a 1.6 um 144 mm glass fibre filter; filtrate then passed through a 0.22 um Sterivex cartirdge","Refer to Gilbert et al 2008 - doi:10.1371/journal.pone.0003042","Refer to Gilbert et al 2009 doi:10.1111/j.1462-2920.2009.02017.x",49,9.6,2.7,35,0.32,,"Aerobic",2.773,19.413,3.75,1.32,0.25,,,,,,,,,,,,,,,,,"Marine DNA/RNA sample from Western English Channel site L4","TRUE"
"SRS009553","ERP000118","PML_0037_2008_04_22","Environmental > Aquatic > Marine > Oceanic > Uncharacterized","United Kingdom; Plymouth","50.2518N   4.2089W","2008-04-22","01/01/2001","01/01/2001","01/01/2001",,"marine biome ","marine habitat","sea water",0,0,,,"na",,,,"454 GS FLX","http://icomm.mbl.edu; http://vamps.mbl.edu","large bore peristaltic filtration pump","2 Litres","filtering on to a 0.22 um Sterivex cartirdge","Refer to Gilbert et al 2008 - doi:10.1371/journal.pone.0003042","Refer to Gilbert et al 2009 doi:10.1111/j.1462-2920.2009.02017.x",49,9.7,2.6,35.12,0.4,,"Aerobic",2.897,27.247,4.02,2.2,0.54,,,,,,,,,,,,,,,,,"Marine DNA/RNA sample from Western English Channel site L4","TRUE"
"SRS009554","ERP000118","PML_0038_2008_01_28","Environmental > Aquatic > Marine > Oceanic > Uncharacterized","United Kingdom; Plymouth","50.2518N   4.2089W","2008-01-28","01/01/2001","01/01/2001","01/01/2001",,"marine biome ","marine habitat","sea water",0,0,,,"na",,,,"454 GS FLX","http://icomm.mbl.edu; http://vamps.mbl.edu","large bore peristaltic filtration pump","2 Litres","filtering on to a 0.22 um Sterivex cartirdge","Refer to Gilbert et al 2008 - doi:10.1371/journal.pone.0003042","Refer to Gilbert et al 2009 doi:10.1111/j.1462-2920.2009.02017.x",49,10.1,6.01,33.3,0.53,,"Aerobic",1.331,33.185,10.9,0.81,0,,,,,,,,,,,,,,,,,"Marine DNA/RNA sample from Western English Channel site L4","TRUE"
"SRS001011","SRP000319","TS29","Host-associated > Human > Digestive system > Large intestine > Fecal","United States of America; Missouri",,,"01/01/2001","01/01/2001","01/01/2001",,,,,,,,9606,"TS29",,,,,,,,,,,,,,,,,,,,,,,"female",,,,"monozygotic twin",,"Obese",,"Obese",,,,,,,"months withou antibiotics: >6","Sample Characteristics - The MOAFTS twin cohort, comprised of female likesex twin pairs, were identified from Missouri birth records over the period 1994-1999,when the twins had a median age of 15 years. A total of 350 twins from the larger MOAFTS cohort completed screening interviews for the present study. We were able to take advantage of the wave five interview of the MOAFTS twin cohort (which has 90% retention of wave four participants) to identify pairs most likely to meet study criteria.Eligibility was then confirmed at screening interview.","TRUE"
"SRS009825","SRP001709","TS28","Host-associated > Human > Digestive system > Large intestine > Fecal","United States of America; Missouri",,,"01/01/2001","01/01/2001","01/01/2001",,,,,,,,9606,"TS28",,,,,,,,,,,,,,,,,,,,,,,"female",,,,"monozygotic twin",,"Obese",,"Obese",,,,,,,"months withou antibiotics: >6","Sample Characteristics - The MOAFTS twin cohort, comprised of female likesex twin pairs, were identified from Missouri birth records over the period 1994-1999,when the twins had a median age of 15 years. A total of 350 twins from the larger MOAFTS cohort completed screening interviews for the present study. We were able to take advantage of the wave five interview of the MOAFTS twin cohort (which has 90% retention of wave four participants) to identify pairs most likely to meet study criteria.Eligibility was then confirmed at screening interview.","TRUE"
"SRS009826","SRP001709","TS29","Host-associated > Human > Digestive system > Large intestine > Fecal","United States of America; Missouri",,,"01/01/2001","01/01/2001","01/01/2001",,,,,,,,9606,"TS29",,,,,,,,,,,,,,,,,,,,,,,"female",,,,"monozygotic twin",,"Obese",,"Obese",,,,,,,"months withou antibiotics: >6","Sample Characteristics - The MOAFTS twin cohort, comprised of female likesex twin pairs, were identified from Missouri birth records over the period 1994-1999,when the twins had a median age of 15 years. A total of 350 twins from the larger MOAFTS cohort completed screening interviews for the present study. We were able to take advantage of the wave five interview of the MOAFTS twin cohort (which has 90% retention of wave four participants) to identify pairs most likely to meet study criteria.Eligibility was then confirmed at screening interview.","TRUE"
"SRS001010","SRP000319","TS28","Host-associated > Human > Digestive system > Large intestine > Fecal","United States of America; Missouri",,,"01/01/2001","01/01/2001","01/01/2001",,,,,,,,9606,"TS28",,,,"various",,,,,,,,,,,,,,,,,,,"female",,,,"monozygotic twin",,"Obese",,"Obese",,,,,,,"months withou antibiotics: >6","Sample Characteristics - The MOAFTS twin cohort, comprised of female likesex twin pairs, were identified from Missouri birth records over the period 1994-1999,when the twins had a median age of 15 years. A total of 350 twins from the larger MOAFTS cohort completed screening interviews for the present study. We were able to take advantage of the wave five interview of the MOAFTS twin cohort (which has 90% retention of wave four participants) to identify pairs most likely to meet study criteria.Eligibility was then confirmed at screening interview.","TRUE"
"SRS000608","SRP000240","Glacier Metagenome","Environmental > Aquatic > Freshwater > Ice > Glacier",,"47.4166667, 10.9833333","2005-06-01","01/01/2001","01/01/2001","01/01/2001",,"freshwater biome","alpine glacier","fresh water",,,,,"na"," -80 until use",,,"454 GS FLX",,,"8kg","melt ice and filter through 0.2um whatman filter","NucleoSpin tissue kit","none",,,,,,,,,,,,,,,,,,,,,,,,,,,,"chemical composition of melted water: As <0.01mg, Pb 0.022mg, Ca 4.7mg, Fe <0.02mg, K 1.1mg, Cu 0.122mg, Mg 0.23mg, Mn 0.083, Na 2.4mg, Ni 0.007mg, Zn 0.81mg","454 Sequencing of The Glacier Ice Metagenome Of The Northern Schneeferner","TRUE"
"Sample_place_holder1","study_placeholder1","JI_soil","TBC","TBC","TBC","TBC",,"25/01/2011",,,"TBC","TBC","TBC",,,,,,,,,"454 GS FLX",,,,,,,,,,,,,,,,,,,,,,,,,,,,,,,,,,"No metadata provided yet","TBC","FALSE"
